door_id,door_status,date_time
1,1,"2020-06-01 09:00:01"
2,0,"2020-06-01 09:00:01"
3,1,"2020-06-01 09:00:01"
4,0,"2020-06-01 09:00:01"
5,1,"2020-06-01 09:00:01"
6,1,"2020-06-01 09:00:01"
7,1,"2020-06-01 09:00:01"
8,0,"2020-06-01 09:00:01"
9,1,"2020-06-01 09:00:01"
10,1,"2020-06-01 09:00:01"
11,1,"2020-06-01 09:00:01"
12,0,"2020-06-01 09:00:01"
13,1,"2020-06-01 09:00:01"
14,1,"2020-06-01 09:00:01"
15,1,"2020-06-01 09:00:01"
16,0,"2020-06-01 09:00:01"
17,1,"2020-06-01 09:00:01"
1,1,"2020-06-01 09:20:01"
2,0,"2020-06-01 09:20:01"
3,1,"2020-06-01 09:20:01"
4,1,"2020-06-01 09:20:01"
5,1,"2020-06-01 09:20:01"
6,1,"2020-06-01 09:20:01"
7,1,"2020-06-01 09:20:01"
8,0,"2020-06-01 09:20:01"
9,1,"2020-06-01 09:20:01"
10,1,"2020-06-01 09:20:01"
11,0,"2020-06-01 09:20:01"
12,0,"2020-06-01 09:20:01"
13,1,"2020-06-01 09:20:01"
14,0,"2020-06-01 09:20:01"
15,0,"2020-06-01 09:20:01"
16,0,"2020-06-01 09:20:01"
17,1,"2020-06-01 09:20:01"
1,1,"2020-06-01 09:40:01"
2,0,"2020-06-01 09:40:01"
3,1,"2020-06-01 09:40:01"
4,0,"2020-06-01 09:40:01"
5,1,"2020-06-01 09:40:01"
6,0,"2020-06-01 09:40:01"
7,1,"2020-06-01 09:40:01"
8,0,"2020-06-01 09:40:01"
9,1,"2020-06-01 09:40:01"
10,1,"2020-06-01 09:40:01"
11,1,"2020-06-01 09:40:01"
12,0,"2020-06-01 09:40:01"
13,0,"2020-06-01 09:40:01"
14,0,"2020-06-01 09:40:01"
15,1,"2020-06-01 09:40:01"
16,0,"2020-06-01 09:40:01"
17,1,"2020-06-01 09:40:01"
1,1,"2020-06-01 10:00:01"
2,0,"2020-06-01 10:00:01"
3,1,"2020-06-01 10:00:01"
4,0,"2020-06-01 10:00:01"
5,1,"2020-06-01 10:00:01"
6,0,"2020-06-01 10:00:01"
7,1,"2020-06-01 10:00:01"
8,0,"2020-06-01 10:00:01"
9,1,"2020-06-01 10:00:01"
10,1,"2020-06-01 10:00:01"
11,1,"2020-06-01 10:00:01"
12,0,"2020-06-01 10:00:01"
13,1,"2020-06-01 10:00:01"
14,1,"2020-06-01 10:00:01"
15,1,"2020-06-01 10:00:01"
16,0,"2020-06-01 10:00:01"
17,1,"2020-06-01 10:00:01"
1,0,"2020-06-01 10:20:01"
2,0,"2020-06-01 10:20:01"
3,1,"2020-06-01 10:20:01"
4,0,"2020-06-01 10:20:01"
5,1,"2020-06-01 10:20:01"
6,0,"2020-06-01 10:20:01"
7,1,"2020-06-01 10:20:01"
8,0,"2020-06-01 10:20:01"
9,1,"2020-06-01 10:20:01"
10,1,"2020-06-01 10:20:01"
11,1,"2020-06-01 10:20:01"
12,1,"2020-06-01 10:20:01"
13,1,"2020-06-01 10:20:01"
14,1,"2020-06-01 10:20:01"
15,1,"2020-06-01 10:20:01"
16,0,"2020-06-01 10:20:01"
17,1,"2020-06-01 10:20:01"
1,0,"2020-06-01 10:40:01"
2,0,"2020-06-01 10:40:01"
3,0,"2020-06-01 10:40:01"
4,1,"2020-06-01 10:40:01"
5,0,"2020-06-01 10:40:01"
6,1,"2020-06-01 10:40:01"
7,0,"2020-06-01 10:40:01"
8,0,"2020-06-01 10:40:01"
9,1,"2020-06-01 10:40:01"
10,1,"2020-06-01 10:40:01"
11,1,"2020-06-01 10:40:01"
12,0,"2020-06-01 10:40:01"
13,1,"2020-06-01 10:40:01"
14,0,"2020-06-01 10:40:01"
15,1,"2020-06-01 10:40:01"
16,1,"2020-06-01 10:40:01"
17,1,"2020-06-01 10:40:01"
1,1,"2020-06-01 11:00:01"
2,0,"2020-06-01 11:00:01"
3,1,"2020-06-01 11:00:01"
4,0,"2020-06-01 11:00:01"
5,1,"2020-06-01 11:00:01"
6,0,"2020-06-01 11:00:01"
7,1,"2020-06-01 11:00:01"
8,0,"2020-06-01 11:00:01"
9,1,"2020-06-01 11:00:01"
10,1,"2020-06-01 11:00:01"
11,1,"2020-06-01 11:00:01"
12,0,"2020-06-01 11:00:01"
13,1,"2020-06-01 11:00:01"
14,0,"2020-06-01 11:00:01"
15,1,"2020-06-01 11:00:01"
16,0,"2020-06-01 11:00:01"
17,1,"2020-06-01 11:00:01"
1,1,"2020-06-01 11:20:01"
2,0,"2020-06-01 11:20:01"
3,1,"2020-06-01 11:20:01"
4,1,"2020-06-01 11:20:01"
5,1,"2020-06-01 11:20:01"
6,0,"2020-06-01 11:20:01"
7,1,"2020-06-01 11:20:01"
8,1,"2020-06-01 11:20:01"
9,1,"2020-06-01 11:20:01"
10,1,"2020-06-01 11:20:01"
11,1,"2020-06-01 11:20:01"
12,0,"2020-06-01 11:20:01"
13,1,"2020-06-01 11:20:01"
14,1,"2020-06-01 11:20:01"
15,1,"2020-06-01 11:20:01"
16,0,"2020-06-01 11:20:01"
17,1,"2020-06-01 11:20:01"
1,1,"2020-06-01 11:40:01"
2,0,"2020-06-01 11:40:01"
3,1,"2020-06-01 11:40:01"
4,0,"2020-06-01 11:40:01"
5,1,"2020-06-01 11:40:01"
6,0,"2020-06-01 11:40:01"
7,1,"2020-06-01 11:40:01"
8,0,"2020-06-01 11:40:01"
9,1,"2020-06-01 11:40:01"
10,1,"2020-06-01 11:40:01"
11,1,"2020-06-01 11:40:01"
12,0,"2020-06-01 11:40:01"
13,1,"2020-06-01 11:40:01"
14,0,"2020-06-01 11:40:01"
15,1,"2020-06-01 11:40:01"
16,0,"2020-06-01 11:40:01"
17,1,"2020-06-01 11:40:01"
1,1,"2020-06-01 12:00:01"
2,0,"2020-06-01 12:00:01"
3,0,"2020-06-01 12:00:01"
4,0,"2020-06-01 12:00:01"
5,1,"2020-06-01 12:00:01"
6,0,"2020-06-01 12:00:01"
7,1,"2020-06-01 12:00:01"
8,0,"2020-06-01 12:00:01"
9,1,"2020-06-01 12:00:01"
10,0,"2020-06-01 12:00:01"
11,0,"2020-06-01 12:00:01"
12,0,"2020-06-01 12:00:01"
13,1,"2020-06-01 12:00:01"
14,0,"2020-06-01 12:00:01"
15,1,"2020-06-01 12:00:01"
16,0,"2020-06-01 12:00:01"
17,1,"2020-06-01 12:00:01"
1,0,"2020-06-01 12:20:01"
2,1,"2020-06-01 12:20:01"
3,0,"2020-06-01 12:20:01"
4,0,"2020-06-01 12:20:01"
5,1,"2020-06-01 12:20:01"
6,0,"2020-06-01 12:20:01"
7,0,"2020-06-01 12:20:01"
8,0,"2020-06-01 12:20:01"
9,1,"2020-06-01 12:20:01"
10,1,"2020-06-01 12:20:01"
11,1,"2020-06-01 12:20:01"
12,1,"2020-06-01 12:20:01"
13,0,"2020-06-01 12:20:01"
14,0,"2020-06-01 12:20:01"
15,1,"2020-06-01 12:20:01"
16,0,"2020-06-01 12:20:01"
17,1,"2020-06-01 12:20:01"
1,1,"2020-06-01 12:40:01"
2,0,"2020-06-01 12:40:01"
3,1,"2020-06-01 12:40:01"
4,0,"2020-06-01 12:40:01"
5,0,"2020-06-01 12:40:01"
6,0,"2020-06-01 12:40:01"
7,0,"2020-06-01 12:40:01"
8,1,"2020-06-01 12:40:01"
9,1,"2020-06-01 12:40:01"
10,1,"2020-06-01 12:40:01"
11,0,"2020-06-01 12:40:01"
12,0,"2020-06-01 12:40:01"
13,1,"2020-06-01 12:40:01"
14,0,"2020-06-01 12:40:01"
15,1,"2020-06-01 12:40:01"
16,1,"2020-06-01 12:40:01"
17,1,"2020-06-01 12:40:01"
1,1,"2020-06-01 13:00:01"
2,1,"2020-06-01 13:00:01"
3,0,"2020-06-01 13:00:01"
4,0,"2020-06-01 13:00:01"
5,0,"2020-06-01 13:00:01"
6,0,"2020-06-01 13:00:01"
7,1,"2020-06-01 13:00:01"
8,0,"2020-06-01 13:00:01"
9,1,"2020-06-01 13:00:01"
10,1,"2020-06-01 13:00:01"
11,1,"2020-06-01 13:00:01"
12,0,"2020-06-01 13:00:01"
13,0,"2020-06-01 13:00:01"
14,1,"2020-06-01 13:00:01"
15,0,"2020-06-01 13:00:01"
16,1,"2020-06-01 13:00:01"
17,1,"2020-06-01 13:00:01"
1,1,"2020-06-01 13:20:01"
2,1,"2020-06-01 13:20:01"
3,1,"2020-06-01 13:20:01"
4,1,"2020-06-01 13:20:01"
5,0,"2020-06-01 13:20:01"
6,1,"2020-06-01 13:20:01"
7,0,"2020-06-01 13:20:01"
8,1,"2020-06-01 13:20:01"
9,0,"2020-06-01 13:20:01"
10,1,"2020-06-01 13:20:01"
11,0,"2020-06-01 13:20:01"
12,1,"2020-06-01 13:20:01"
13,0,"2020-06-01 13:20:01"
14,1,"2020-06-01 13:20:01"
15,0,"2020-06-01 13:20:01"
16,0,"2020-06-01 13:20:01"
17,1,"2020-06-01 13:20:01"
1,1,"2020-06-01 13:40:01"
2,1,"2020-06-01 13:40:01"
3,0,"2020-06-01 13:40:01"
4,1,"2020-06-01 13:40:01"
5,0,"2020-06-01 13:40:01"
6,1,"2020-06-01 13:40:01"
7,0,"2020-06-01 13:40:01"
8,1,"2020-06-01 13:40:01"
9,0,"2020-06-01 13:40:01"
10,1,"2020-06-01 13:40:01"
11,0,"2020-06-01 13:40:01"
12,0,"2020-06-01 13:40:01"
13,0,"2020-06-01 13:40:01"
14,1,"2020-06-01 13:40:01"
15,1,"2020-06-01 13:40:01"
16,1,"2020-06-01 13:40:01"
17,1,"2020-06-01 13:40:01"
1,0,"2020-06-01 14:00:01"
2,1,"2020-06-01 14:00:01"
3,0,"2020-06-01 14:00:01"
4,1,"2020-06-01 14:00:01"
5,1,"2020-06-01 14:00:01"
6,1,"2020-06-01 14:00:01"
7,0,"2020-06-01 14:00:01"
8,1,"2020-06-01 14:00:01"
9,0,"2020-06-01 14:00:01"
10,1,"2020-06-01 14:00:01"
11,0,"2020-06-01 14:00:01"
12,1,"2020-06-01 14:00:01"
13,0,"2020-06-01 14:00:01"
14,1,"2020-06-01 14:00:01"
15,0,"2020-06-01 14:00:01"
16,1,"2020-06-01 14:00:01"
17,1,"2020-06-01 14:00:01"
1,1,"2020-06-01 14:20:01"
2,0,"2020-06-01 14:20:01"
3,1,"2020-06-01 14:20:01"
4,0,"2020-06-01 14:20:01"
5,1,"2020-06-01 14:20:01"
6,1,"2020-06-01 14:20:01"
7,0,"2020-06-01 14:20:01"
8,1,"2020-06-01 14:20:01"
9,1,"2020-06-01 14:20:01"
10,1,"2020-06-01 14:20:01"
11,0,"2020-06-01 14:20:01"
12,1,"2020-06-01 14:20:01"
13,0,"2020-06-01 14:20:01"
14,1,"2020-06-01 14:20:01"
15,0,"2020-06-01 14:20:01"
16,1,"2020-06-01 14:20:01"
17,0,"2020-06-01 14:20:01"
1,1,"2020-06-01 14:40:01"
2,1,"2020-06-01 14:40:01"
3,0,"2020-06-01 14:40:01"
4,0,"2020-06-01 14:40:01"
5,0,"2020-06-01 14:40:01"
6,1,"2020-06-01 14:40:01"
7,0,"2020-06-01 14:40:01"
8,0,"2020-06-01 14:40:01"
9,0,"2020-06-01 14:40:01"
10,1,"2020-06-01 14:40:01"
11,1,"2020-06-01 14:40:01"
12,1,"2020-06-01 14:40:01"
13,0,"2020-06-01 14:40:01"
14,1,"2020-06-01 14:40:01"
15,0,"2020-06-01 14:40:01"
16,1,"2020-06-01 14:40:01"
17,0,"2020-06-01 14:40:01"
1,1,"2020-06-01 15:00:01"
2,1,"2020-06-01 15:00:01"
3,1,"2020-06-01 15:00:01"
4,1,"2020-06-01 15:00:01"
5,0,"2020-06-01 15:00:01"
6,1,"2020-06-01 15:00:01"
7,0,"2020-06-01 15:00:01"
8,1,"2020-06-01 15:00:01"
9,0,"2020-06-01 15:00:01"
10,1,"2020-06-01 15:00:01"
11,0,"2020-06-01 15:00:01"
12,0,"2020-06-01 15:00:01"
13,1,"2020-06-01 15:00:01"
14,1,"2020-06-01 15:00:01"
15,0,"2020-06-01 15:00:01"
16,1,"2020-06-01 15:00:01"
17,1,"2020-06-01 15:00:01"
1,1,"2020-06-01 15:20:01"
2,1,"2020-06-01 15:20:01"
3,1,"2020-06-01 15:20:01"
4,1,"2020-06-01 15:20:01"
5,0,"2020-06-01 15:20:01"
6,1,"2020-06-01 15:20:01"
7,1,"2020-06-01 15:20:01"
8,1,"2020-06-01 15:20:01"
9,0,"2020-06-01 15:20:01"
10,1,"2020-06-01 15:20:01"
11,0,"2020-06-01 15:20:01"
12,1,"2020-06-01 15:20:01"
13,0,"2020-06-01 15:20:01"
14,0,"2020-06-01 15:20:01"
15,0,"2020-06-01 15:20:01"
16,1,"2020-06-01 15:20:01"
17,1,"2020-06-01 15:20:01"
1,1,"2020-06-01 15:40:01"
2,1,"2020-06-01 15:40:01"
3,0,"2020-06-01 15:40:01"
4,1,"2020-06-01 15:40:01"
5,0,"2020-06-01 15:40:01"
6,1,"2020-06-01 15:40:01"
7,0,"2020-06-01 15:40:01"
8,0,"2020-06-01 15:40:01"
9,0,"2020-06-01 15:40:01"
10,1,"2020-06-01 15:40:01"
11,0,"2020-06-01 15:40:01"
12,1,"2020-06-01 15:40:01"
13,1,"2020-06-01 15:40:01"
14,1,"2020-06-01 15:40:01"
15,0,"2020-06-01 15:40:01"
16,1,"2020-06-01 15:40:01"
17,1,"2020-06-01 15:40:01"
1,0,"2020-06-01 16:00:01"
2,0,"2020-06-01 16:00:01"
3,0,"2020-06-01 16:00:01"
4,1,"2020-06-01 16:00:01"
5,0,"2020-06-01 16:00:01"
6,1,"2020-06-01 16:00:01"
7,0,"2020-06-01 16:00:01"
8,0,"2020-06-01 16:00:01"
9,0,"2020-06-01 16:00:01"
10,1,"2020-06-01 16:00:01"
11,0,"2020-06-01 16:00:01"
12,0,"2020-06-01 16:00:01"
13,0,"2020-06-01 16:00:01"
14,1,"2020-06-01 16:00:01"
15,0,"2020-06-01 16:00:01"
16,1,"2020-06-01 16:00:01"
17,1,"2020-06-01 16:00:01"
1,1,"2020-06-01 16:20:01"
2,1,"2020-06-01 16:20:01"
3,0,"2020-06-01 16:20:01"
4,0,"2020-06-01 16:20:01"
5,0,"2020-06-01 16:20:01"
6,1,"2020-06-01 16:20:01"
7,0,"2020-06-01 16:20:01"
8,1,"2020-06-01 16:20:01"
9,0,"2020-06-01 16:20:01"
10,0,"2020-06-01 16:20:01"
11,1,"2020-06-01 16:20:01"
12,1,"2020-06-01 16:20:01"
13,0,"2020-06-01 16:20:01"
14,1,"2020-06-01 16:20:01"
15,0,"2020-06-01 16:20:01"
16,1,"2020-06-01 16:20:01"
17,1,"2020-06-01 16:20:01"
1,1,"2020-06-01 16:40:01"
2,1,"2020-06-01 16:40:01"
3,0,"2020-06-01 16:40:01"
4,1,"2020-06-01 16:40:01"
5,0,"2020-06-01 16:40:01"
6,1,"2020-06-01 16:40:01"
7,0,"2020-06-01 16:40:01"
8,0,"2020-06-01 16:40:01"
9,1,"2020-06-01 16:40:01"
10,1,"2020-06-01 16:40:01"
11,0,"2020-06-01 16:40:01"
12,0,"2020-06-01 16:40:01"
13,0,"2020-06-01 16:40:01"
14,1,"2020-06-01 16:40:01"
15,0,"2020-06-01 16:40:01"
16,1,"2020-06-01 16:40:01"
17,1,"2020-06-01 16:40:01"
1,1,"2020-06-01 17:00:01"
2,0,"2020-06-01 17:00:01"
3,1,"2020-06-01 17:00:01"
4,1,"2020-06-01 17:00:01"
5,0,"2020-06-01 17:00:01"
6,1,"2020-06-01 17:00:01"
7,0,"2020-06-01 17:00:01"
8,1,"2020-06-01 17:00:01"
9,0,"2020-06-01 17:00:01"
10,1,"2020-06-01 17:00:01"
11,1,"2020-06-01 17:00:01"
12,1,"2020-06-01 17:00:01"
13,0,"2020-06-01 17:00:01"
14,1,"2020-06-01 17:00:01"
15,1,"2020-06-01 17:00:01"
16,1,"2020-06-01 17:00:01"
17,1,"2020-06-01 17:00:01"
1,0,"2020-06-01 17:20:01"
2,1,"2020-06-01 17:20:01"
3,1,"2020-06-01 17:20:01"
4,0,"2020-06-01 17:20:01"
5,1,"2020-06-01 17:20:01"
6,0,"2020-06-01 17:20:01"
7,0,"2020-06-01 17:20:01"
8,1,"2020-06-01 17:20:01"
9,0,"2020-06-01 17:20:01"
10,1,"2020-06-01 17:20:01"
11,1,"2020-06-01 17:20:01"
12,0,"2020-06-01 17:20:01"
13,0,"2020-06-01 17:20:01"
14,0,"2020-06-01 17:20:01"
15,0,"2020-06-01 17:20:01"
16,1,"2020-06-01 17:20:01"
17,1,"2020-06-01 17:20:01"
1,1,"2020-06-01 17:40:01"
2,1,"2020-06-01 17:40:01"
3,0,"2020-06-01 17:40:01"
4,1,"2020-06-01 17:40:01"
5,0,"2020-06-01 17:40:01"
6,1,"2020-06-01 17:40:01"
7,0,"2020-06-01 17:40:01"
8,1,"2020-06-01 17:40:01"
9,0,"2020-06-01 17:40:01"
10,1,"2020-06-01 17:40:01"
11,1,"2020-06-01 17:40:01"
12,1,"2020-06-01 17:40:01"
13,0,"2020-06-01 17:40:01"
14,1,"2020-06-01 17:40:01"
15,0,"2020-06-01 17:40:01"
16,0,"2020-06-01 17:40:01"
17,1,"2020-06-01 17:40:01"
1,1,"2020-06-01 18:00:01"
2,1,"2020-06-01 18:00:01"
3,1,"2020-06-01 18:00:01"
4,0,"2020-06-01 18:00:01"
5,0,"2020-06-01 18:00:01"
6,1,"2020-06-01 18:00:01"
7,0,"2020-06-01 18:00:01"
8,1,"2020-06-01 18:00:01"
9,0,"2020-06-01 18:00:01"
10,1,"2020-06-01 18:00:01"
11,0,"2020-06-01 18:00:01"
12,1,"2020-06-01 18:00:01"
13,0,"2020-06-01 18:00:01"
14,1,"2020-06-01 18:00:01"
15,0,"2020-06-01 18:00:01"
16,1,"2020-06-01 18:00:01"
17,1,"2020-06-01 18:00:01"
1,0,"2020-06-01 18:20:01"
2,0,"2020-06-01 18:20:01"
3,0,"2020-06-01 18:20:01"
4,1,"2020-06-01 18:20:01"
5,0,"2020-06-01 18:20:01"
6,1,"2020-06-01 18:20:01"
7,0,"2020-06-01 18:20:01"
8,1,"2020-06-01 18:20:01"
9,0,"2020-06-01 18:20:01"
10,1,"2020-06-01 18:20:01"
11,0,"2020-06-01 18:20:01"
12,1,"2020-06-01 18:20:01"
13,0,"2020-06-01 18:20:01"
14,1,"2020-06-01 18:20:01"
15,0,"2020-06-01 18:20:01"
16,1,"2020-06-01 18:20:01"
17,1,"2020-06-01 18:20:01"
1,1,"2020-06-01 18:40:01"
2,1,"2020-06-01 18:40:01"
3,1,"2020-06-01 18:40:01"
4,1,"2020-06-01 18:40:01"
5,0,"2020-06-01 18:40:01"
6,1,"2020-06-01 18:40:01"
7,0,"2020-06-01 18:40:01"
8,1,"2020-06-01 18:40:01"
9,0,"2020-06-01 18:40:01"
10,1,"2020-06-01 18:40:01"
11,0,"2020-06-01 18:40:01"
12,1,"2020-06-01 18:40:01"
13,0,"2020-06-01 18:40:01"
14,1,"2020-06-01 18:40:01"
15,0,"2020-06-01 18:40:01"
16,1,"2020-06-01 18:40:01"
17,1,"2020-06-01 18:40:01"
1,1,"2020-06-01 19:00:01"
2,1,"2020-06-01 19:00:01"
3,0,"2020-06-01 19:00:01"
4,1,"2020-06-01 19:00:01"
5,0,"2020-06-01 19:00:01"
6,1,"2020-06-01 19:00:01"
7,0,"2020-06-01 19:00:01"
8,1,"2020-06-01 19:00:01"
9,0,"2020-06-01 19:00:01"
10,1,"2020-06-01 19:00:01"
11,0,"2020-06-01 19:00:01"
12,1,"2020-06-01 19:00:01"
13,0,"2020-06-01 19:00:01"
14,1,"2020-06-01 19:00:01"
15,0,"2020-06-01 19:00:01"
16,0,"2020-06-01 19:00:01"
17,0,"2020-06-01 19:00:01"
1,1,"2020-06-01 19:20:01"
2,1,"2020-06-01 19:20:01"
3,0,"2020-06-01 19:20:01"
4,0,"2020-06-01 19:20:01"
5,0,"2020-06-01 19:20:01"
6,1,"2020-06-01 19:20:01"
7,0,"2020-06-01 19:20:01"
8,1,"2020-06-01 19:20:01"
9,0,"2020-06-01 19:20:01"
10,1,"2020-06-01 19:20:01"
11,1,"2020-06-01 19:20:01"
12,1,"2020-06-01 19:20:01"
13,0,"2020-06-01 19:20:01"
14,1,"2020-06-01 19:20:01"
15,0,"2020-06-01 19:20:01"
16,1,"2020-06-01 19:20:01"
17,1,"2020-06-01 19:20:01"
1,1,"2020-06-01 19:40:01"
2,0,"2020-06-01 19:40:01"
3,1,"2020-06-01 19:40:01"
4,0,"2020-06-01 19:40:01"
5,0,"2020-06-01 19:40:01"
6,1,"2020-06-01 19:40:01"
7,0,"2020-06-01 19:40:01"
8,1,"2020-06-01 19:40:01"
9,0,"2020-06-01 19:40:01"
10,1,"2020-06-01 19:40:01"
11,0,"2020-06-01 19:40:01"
12,1,"2020-06-01 19:40:01"
13,1,"2020-06-01 19:40:01"
14,1,"2020-06-01 19:40:01"
15,0,"2020-06-01 19:40:01"
16,1,"2020-06-01 19:40:01"
17,0,"2020-06-01 19:40:01"
1,1,"2020-06-01 20:00:01"
2,1,"2020-06-01 20:00:01"
3,0,"2020-06-01 20:00:01"
4,1,"2020-06-01 20:00:01"
5,1,"2020-06-01 20:00:01"
6,1,"2020-06-01 20:00:01"
7,0,"2020-06-01 20:00:01"
8,1,"2020-06-01 20:00:01"
9,0,"2020-06-01 20:00:01"
10,1,"2020-06-01 20:00:01"
11,0,"2020-06-01 20:00:01"
12,1,"2020-06-01 20:00:01"
13,0,"2020-06-01 20:00:01"
14,1,"2020-06-01 20:00:01"
15,0,"2020-06-01 20:00:01"
16,1,"2020-06-01 20:00:01"
17,1,"2020-06-01 20:00:01"
1,0,"2020-06-01 20:20:01"
2,1,"2020-06-01 20:20:01"
3,0,"2020-06-01 20:20:01"
4,1,"2020-06-01 20:20:01"
5,1,"2020-06-01 20:20:01"
6,1,"2020-06-01 20:20:01"
7,1,"2020-06-01 20:20:01"
8,1,"2020-06-01 20:20:01"
9,0,"2020-06-01 20:20:01"
10,1,"2020-06-01 20:20:01"
11,0,"2020-06-01 20:20:01"
12,1,"2020-06-01 20:20:01"
13,0,"2020-06-01 20:20:01"
14,0,"2020-06-01 20:20:01"
15,1,"2020-06-01 20:20:01"
16,0,"2020-06-01 20:20:01"
17,1,"2020-06-01 20:20:01"
1,1,"2020-06-01 20:40:01"
2,0,"2020-06-01 20:40:01"
3,0,"2020-06-01 20:40:01"
4,0,"2020-06-01 20:40:01"
5,0,"2020-06-01 20:40:01"
6,1,"2020-06-01 20:40:01"
7,0,"2020-06-01 20:40:01"
8,1,"2020-06-01 20:40:01"
9,0,"2020-06-01 20:40:01"
10,1,"2020-06-01 20:40:01"
11,0,"2020-06-01 20:40:01"
12,1,"2020-06-01 20:40:01"
13,0,"2020-06-01 20:40:01"
14,1,"2020-06-01 20:40:01"
15,0,"2020-06-01 20:40:01"
16,1,"2020-06-01 20:40:01"
17,0,"2020-06-01 20:40:01"
1,1,"2020-06-01 21:00:01"
2,0,"2020-06-01 21:00:01"
3,0,"2020-06-01 21:00:01"
4,1,"2020-06-01 21:00:01"
5,1,"2020-06-01 21:00:01"
6,1,"2020-06-01 21:00:01"
7,0,"2020-06-01 21:00:01"
8,1,"2020-06-01 21:00:01"
9,0,"2020-06-01 21:00:01"
10,1,"2020-06-01 21:00:01"
11,0,"2020-06-01 21:00:01"
12,1,"2020-06-01 21:00:01"
13,0,"2020-06-01 21:00:01"
14,1,"2020-06-01 21:00:01"
15,0,"2020-06-01 21:00:01"
16,1,"2020-06-01 21:00:01"
17,0,"2020-06-01 21:00:01"
1,1,"2020-06-01 21:20:01"
2,1,"2020-06-01 21:20:01"
3,0,"2020-06-01 21:20:01"
4,0,"2020-06-01 21:20:01"
5,0,"2020-06-01 21:20:01"
6,0,"2020-06-01 21:20:01"
7,0,"2020-06-01 21:20:01"
8,1,"2020-06-01 21:20:01"
9,0,"2020-06-01 21:20:01"
10,1,"2020-06-01 21:20:01"
11,0,"2020-06-01 21:20:01"
12,1,"2020-06-01 21:20:01"
13,0,"2020-06-01 21:20:01"
14,1,"2020-06-01 21:20:01"
15,0,"2020-06-01 21:20:01"
16,1,"2020-06-01 21:20:01"
17,1,"2020-06-01 21:20:01"
1,0,"2020-06-01 21:40:01"
2,1,"2020-06-01 21:40:01"
3,1,"2020-06-01 21:40:01"
4,1,"2020-06-01 21:40:01"
5,0,"2020-06-01 21:40:01"
6,1,"2020-06-01 21:40:01"
7,0,"2020-06-01 21:40:01"
8,1,"2020-06-01 21:40:01"
9,0,"2020-06-01 21:40:01"
10,1,"2020-06-01 21:40:01"
11,1,"2020-06-01 21:40:01"
12,1,"2020-06-01 21:40:01"
13,0,"2020-06-01 21:40:01"
14,1,"2020-06-01 21:40:01"
15,0,"2020-06-01 21:40:01"
16,1,"2020-06-01 21:40:01"
17,1,"2020-06-01 21:40:01"
1,1,"2020-06-01 22:00:01"
2,1,"2020-06-01 22:00:01"
3,1,"2020-06-01 22:00:01"
4,1,"2020-06-01 22:00:01"
5,0,"2020-06-01 22:00:01"
6,1,"2020-06-01 22:00:01"
7,0,"2020-06-01 22:00:01"
8,1,"2020-06-01 22:00:01"
9,0,"2020-06-01 22:00:01"
10,1,"2020-06-01 22:00:01"
11,0,"2020-06-01 22:00:01"
12,1,"2020-06-01 22:00:01"
13,0,"2020-06-01 22:00:01"
14,1,"2020-06-01 22:00:01"
15,0,"2020-06-01 22:00:01"
16,1,"2020-06-01 22:00:01"
17,1,"2020-06-01 22:00:01"
1,1,"2020-06-01 22:20:01"
2,1,"2020-06-01 22:20:01"
3,0,"2020-06-01 22:20:01"
4,1,"2020-06-01 22:20:01"
5,0,"2020-06-01 22:20:01"
6,1,"2020-06-01 22:20:01"
7,1,"2020-06-01 22:20:01"
8,1,"2020-06-01 22:20:01"
9,0,"2020-06-01 22:20:01"
10,1,"2020-06-01 22:20:01"
11,0,"2020-06-01 22:20:01"
12,1,"2020-06-01 22:20:01"
13,0,"2020-06-01 22:20:01"
14,1,"2020-06-01 22:20:01"
15,1,"2020-06-01 22:20:01"
16,1,"2020-06-01 22:20:01"
17,1,"2020-06-01 22:20:01"
1,1,"2020-06-01 22:40:01"
2,1,"2020-06-01 22:40:01"
3,0,"2020-06-01 22:40:01"
4,0,"2020-06-01 22:40:01"
5,0,"2020-06-01 22:40:01"
6,1,"2020-06-01 22:40:01"
7,0,"2020-06-01 22:40:01"
8,1,"2020-06-01 22:40:01"
9,0,"2020-06-01 22:40:01"
10,1,"2020-06-01 22:40:01"
11,0,"2020-06-01 22:40:01"
12,0,"2020-06-01 22:40:01"
13,0,"2020-06-01 22:40:01"
14,1,"2020-06-01 22:40:01"
15,0,"2020-06-01 22:40:01"
16,1,"2020-06-01 22:40:01"
17,0,"2020-06-01 22:40:01"
1,0,"2020-06-01 23:00:01"
2,1,"2020-06-01 23:00:01"
3,1,"2020-06-01 23:00:01"
4,0,"2020-06-01 23:00:01"
5,1,"2020-06-01 23:00:01"
6,1,"2020-06-01 23:00:01"
7,0,"2020-06-01 23:00:01"
8,1,"2020-06-01 23:00:01"
9,0,"2020-06-01 23:00:01"
10,1,"2020-06-01 23:00:01"
11,0,"2020-06-01 23:00:01"
12,1,"2020-06-01 23:00:01"
13,0,"2020-06-01 23:00:01"
14,1,"2020-06-01 23:00:01"
15,0,"2020-06-01 23:00:01"
16,1,"2020-06-01 23:00:01"
17,1,"2020-06-01 23:00:01"
1,1,"2020-06-01 23:20:01"
2,1,"2020-06-01 23:20:01"
3,1,"2020-06-01 23:20:01"
4,0,"2020-06-01 23:20:01"
5,0,"2020-06-01 23:20:01"
6,1,"2020-06-01 23:20:01"
7,1,"2020-06-01 23:20:01"
8,1,"2020-06-01 23:20:01"
9,0,"2020-06-01 23:20:01"
10,1,"2020-06-01 23:20:01"
11,0,"2020-06-01 23:20:01"
12,1,"2020-06-01 23:20:01"
13,1,"2020-06-01 23:20:01"
14,1,"2020-06-01 23:20:01"
15,1,"2020-06-01 23:20:01"
16,1,"2020-06-01 23:20:01"
17,1,"2020-06-01 23:20:01"
1,1,"2020-06-01 23:40:01"
2,1,"2020-06-01 23:40:01"
3,1,"2020-06-01 23:40:01"
4,0,"2020-06-01 23:40:01"
5,1,"2020-06-01 23:40:01"
6,0,"2020-06-01 23:40:01"
7,0,"2020-06-01 23:40:01"
8,1,"2020-06-01 23:40:01"
9,0,"2020-06-01 23:40:01"
10,1,"2020-06-01 23:40:01"
11,0,"2020-06-01 23:40:01"
12,0,"2020-06-01 23:40:01"
13,0,"2020-06-01 23:40:01"
14,1,"2020-06-01 23:40:01"
15,0,"2020-06-01 23:40:01"
16,1,"2020-06-01 23:40:01"
17,1,"2020-06-01 23:40:01"
2,0,"2020-06-02 00:00:01"
3,0,"2020-06-02 00:00:01"
4,0,"2020-06-02 00:00:01"
5,1,"2020-06-02 00:00:01"
6,0,"2020-06-02 00:00:01"
7,1,"2020-06-02 00:00:01"
8,0,"2020-06-02 00:00:01"
9,1,"2020-06-02 00:00:01"
11,1,"2020-06-02 00:00:01"
12,0,"2020-06-02 00:00:01"
13,1,"2020-06-02 00:00:01"
14,1,"2020-06-02 00:00:01"
15,1,"2020-06-02 00:00:01"
16,0,"2020-06-02 00:00:01"
1,1,"2020-06-02 00:00:01"
10,0,"2020-06-02 00:00:01"
17,1,"2020-06-02 00:00:01"
2,0,"2020-06-02 00:20:01"
3,1,"2020-06-02 00:20:01"
4,0,"2020-06-02 00:20:01"
5,1,"2020-06-02 00:20:01"
6,0,"2020-06-02 00:20:01"
7,0,"2020-06-02 00:20:01"
8,0,"2020-06-02 00:20:01"
9,1,"2020-06-02 00:20:01"
11,1,"2020-06-02 00:20:01"
12,0,"2020-06-02 00:20:01"
13,1,"2020-06-02 00:20:01"
14,0,"2020-06-02 00:20:01"
15,1,"2020-06-02 00:20:01"
16,0,"2020-06-02 00:20:01"
1,1,"2020-06-02 00:20:01"
10,1,"2020-06-02 00:20:01"
17,0,"2020-06-02 00:20:01"
2,0,"2020-06-02 00:40:01"
3,0,"2020-06-02 00:40:01"
4,0,"2020-06-02 00:40:01"
5,1,"2020-06-02 00:40:01"
6,0,"2020-06-02 00:40:01"
7,1,"2020-06-02 00:40:01"
8,1,"2020-06-02 00:40:01"
9,1,"2020-06-02 00:40:01"
11,1,"2020-06-02 00:40:01"
12,0,"2020-06-02 00:40:01"
13,1,"2020-06-02 00:40:01"
14,0,"2020-06-02 00:40:01"
15,1,"2020-06-02 00:40:01"
16,0,"2020-06-02 00:40:01"
1,1,"2020-06-02 00:40:01"
10,1,"2020-06-02 00:40:01"
17,1,"2020-06-02 00:40:01"
1,0,"2020-06-02 01:00:01"
10,1,"2020-06-02 01:00:01"
17,1,"2020-06-02 01:00:01"
1,1,"2020-06-02 01:20:01"
10,1,"2020-06-02 01:20:01"
17,1,"2020-06-02 01:20:01"
1,1,"2020-06-02 01:40:01"
10,1,"2020-06-02 01:40:01"
17,1,"2020-06-02 01:40:01"
1,0,"2020-06-02 02:00:01"
10,1,"2020-06-02 02:00:01"
17,1,"2020-06-02 02:00:01"
2,0,"2020-06-02 02:00:01"
3,1,"2020-06-02 02:00:01"
4,0,"2020-06-02 02:00:01"
5,1,"2020-06-02 02:00:01"
6,0,"2020-06-02 02:00:01"
7,1,"2020-06-02 02:00:01"
8,0,"2020-06-02 02:00:01"
9,1,"2020-06-02 02:00:01"
11,1,"2020-06-02 02:00:01"
12,0,"2020-06-02 02:00:01"
13,1,"2020-06-02 02:00:01"
14,0,"2020-06-02 02:00:01"
15,0,"2020-06-02 02:00:01"
16,0,"2020-06-02 02:00:01"
1,0,"2020-06-02 02:20:01"
10,1,"2020-06-02 02:20:01"
17,1,"2020-06-02 02:20:01"
2,0,"2020-06-02 02:20:01"
3,1,"2020-06-02 02:20:01"
4,0,"2020-06-02 02:20:01"
5,1,"2020-06-02 02:20:01"
6,0,"2020-06-02 02:20:01"
7,1,"2020-06-02 02:20:01"
8,0,"2020-06-02 02:20:01"
9,1,"2020-06-02 02:20:01"
11,1,"2020-06-02 02:20:01"
12,0,"2020-06-02 02:20:01"
13,1,"2020-06-02 02:20:01"
14,1,"2020-06-02 02:20:01"
15,1,"2020-06-02 02:20:01"
16,0,"2020-06-02 02:20:01"
1,1,"2020-06-02 02:40:01"
10,1,"2020-06-02 02:40:01"
17,1,"2020-06-02 02:40:01"
2,0,"2020-06-02 02:40:01"
3,1,"2020-06-02 02:40:01"
4,1,"2020-06-02 02:40:01"
5,0,"2020-06-02 02:40:01"
6,1,"2020-06-02 02:40:01"
7,0,"2020-06-02 02:40:01"
8,1,"2020-06-02 02:40:01"
9,1,"2020-06-02 02:40:01"
11,1,"2020-06-02 02:40:01"
12,0,"2020-06-02 02:40:01"
13,1,"2020-06-02 02:40:01"
14,0,"2020-06-02 02:40:01"
15,1,"2020-06-02 02:40:01"
16,0,"2020-06-02 02:40:01"
1,1,"2020-06-02 03:00:01"
10,1,"2020-06-02 03:00:01"
17,1,"2020-06-02 03:00:01"
2,0,"2020-06-02 03:00:01"
3,1,"2020-06-02 03:00:01"
4,0,"2020-06-02 03:00:01"
5,1,"2020-06-02 03:00:01"
6,1,"2020-06-02 03:00:01"
7,1,"2020-06-02 03:00:01"
8,1,"2020-06-02 03:00:01"
9,1,"2020-06-02 03:00:01"
11,1,"2020-06-02 03:00:01"
12,0,"2020-06-02 03:00:01"
13,0,"2020-06-02 03:00:01"
14,0,"2020-06-02 03:00:01"
15,1,"2020-06-02 03:00:01"
16,0,"2020-06-02 03:00:01"
1,1,"2020-06-02 03:20:01"
10,0,"2020-06-02 03:20:01"
17,1,"2020-06-02 03:20:01"
2,0,"2020-06-02 03:20:01"
3,1,"2020-06-02 03:20:01"
4,0,"2020-06-02 03:20:01"
5,1,"2020-06-02 03:20:01"
6,1,"2020-06-02 03:20:01"
7,1,"2020-06-02 03:20:01"
8,0,"2020-06-02 03:20:01"
9,1,"2020-06-02 03:20:01"
11,1,"2020-06-02 03:20:01"
12,0,"2020-06-02 03:20:01"
13,0,"2020-06-02 03:20:01"
14,1,"2020-06-02 03:20:01"
15,1,"2020-06-02 03:20:01"
16,0,"2020-06-02 03:20:01"
1,0,"2020-06-02 03:40:01"
10,1,"2020-06-02 03:40:01"
17,1,"2020-06-02 03:40:01"
2,0,"2020-06-02 03:40:01"
3,1,"2020-06-02 03:40:01"
4,0,"2020-06-02 03:40:01"
5,1,"2020-06-02 03:40:01"
6,0,"2020-06-02 03:40:01"
7,1,"2020-06-02 03:40:01"
8,0,"2020-06-02 03:40:01"
9,1,"2020-06-02 03:40:01"
11,1,"2020-06-02 03:40:01"
12,1,"2020-06-02 03:40:01"
13,1,"2020-06-02 03:40:01"
14,0,"2020-06-02 03:40:01"
15,1,"2020-06-02 03:40:01"
16,0,"2020-06-02 03:40:01"
1,1,"2020-06-02 04:00:01"
10,0,"2020-06-02 04:00:01"
17,1,"2020-06-02 04:00:01"
2,0,"2020-06-02 04:00:01"
3,1,"2020-06-02 04:00:01"
4,0,"2020-06-02 04:00:01"
5,1,"2020-06-02 04:00:01"
6,0,"2020-06-02 04:00:01"
7,1,"2020-06-02 04:00:01"
8,0,"2020-06-02 04:00:01"
9,1,"2020-06-02 04:00:01"
11,1,"2020-06-02 04:00:01"
12,0,"2020-06-02 04:00:01"
13,0,"2020-06-02 04:00:01"
14,0,"2020-06-02 04:00:01"
15,1,"2020-06-02 04:00:01"
16,1,"2020-06-02 04:00:01"
1,0,"2020-06-02 04:20:01"
10,1,"2020-06-02 04:20:01"
17,1,"2020-06-02 04:20:01"
2,0,"2020-06-02 04:20:01"
3,1,"2020-06-02 04:20:01"
4,1,"2020-06-02 04:20:01"
5,1,"2020-06-02 04:20:01"
6,0,"2020-06-02 04:20:01"
7,1,"2020-06-02 04:20:01"
8,1,"2020-06-02 04:20:01"
9,1,"2020-06-02 04:20:01"
11,1,"2020-06-02 04:20:01"
12,0,"2020-06-02 04:20:01"
13,1,"2020-06-02 04:20:01"
14,0,"2020-06-02 04:20:01"
15,1,"2020-06-02 04:20:01"
16,1,"2020-06-02 04:20:01"
1,0,"2020-06-02 04:40:01"
10,1,"2020-06-02 04:40:01"
17,1,"2020-06-02 04:40:01"
2,0,"2020-06-02 04:40:01"
3,1,"2020-06-02 04:40:01"
4,0,"2020-06-02 04:40:01"
5,1,"2020-06-02 04:40:01"
6,0,"2020-06-02 04:40:01"
7,1,"2020-06-02 04:40:01"
8,1,"2020-06-02 04:40:01"
9,1,"2020-06-02 04:40:01"
11,1,"2020-06-02 04:40:01"
12,0,"2020-06-02 04:40:01"
13,0,"2020-06-02 04:40:01"
14,0,"2020-06-02 04:40:01"
15,1,"2020-06-02 04:40:01"
16,0,"2020-06-02 04:40:01"
1,1,"2020-06-02 05:00:01"
10,1,"2020-06-02 05:00:01"
17,1,"2020-06-02 05:00:01"
2,0,"2020-06-02 05:00:01"
3,1,"2020-06-02 05:00:01"
4,0,"2020-06-02 05:00:01"
5,1,"2020-06-02 05:00:01"
6,0,"2020-06-02 05:00:01"
7,1,"2020-06-02 05:00:01"
8,0,"2020-06-02 05:00:01"
9,1,"2020-06-02 05:00:01"
11,1,"2020-06-02 05:00:01"
12,0,"2020-06-02 05:00:01"
13,0,"2020-06-02 05:00:01"
14,0,"2020-06-02 05:00:01"
15,0,"2020-06-02 05:00:01"
16,0,"2020-06-02 05:00:01"
1,1,"2020-06-02 05:20:01"
10,1,"2020-06-02 05:20:01"
17,1,"2020-06-02 05:20:01"
2,1,"2020-06-02 05:20:01"
3,0,"2020-06-02 05:20:01"
4,0,"2020-06-02 05:20:01"
5,1,"2020-06-02 05:20:01"
6,0,"2020-06-02 05:20:01"
7,1,"2020-06-02 05:20:01"
8,0,"2020-06-02 05:20:01"
9,0,"2020-06-02 05:20:01"
11,1,"2020-06-02 05:20:01"
12,0,"2020-06-02 05:20:01"
13,1,"2020-06-02 05:20:01"
14,0,"2020-06-02 05:20:01"
15,1,"2020-06-02 05:20:01"
16,1,"2020-06-02 05:20:01"
1,0,"2020-06-02 05:40:01"
10,1,"2020-06-02 05:40:01"
17,1,"2020-06-02 05:40:01"
2,0,"2020-06-02 05:40:01"
3,1,"2020-06-02 05:40:01"
4,0,"2020-06-02 05:40:01"
5,1,"2020-06-02 05:40:01"
6,0,"2020-06-02 05:40:01"
7,1,"2020-06-02 05:40:01"
8,0,"2020-06-02 05:40:01"
9,1,"2020-06-02 05:40:01"
11,1,"2020-06-02 05:40:01"
12,1,"2020-06-02 05:40:01"
13,0,"2020-06-02 05:40:01"
14,1,"2020-06-02 05:40:01"
15,1,"2020-06-02 05:40:01"
16,0,"2020-06-02 05:40:01"
1,0,"2020-06-02 06:00:01"
10,1,"2020-06-02 06:00:01"
17,0,"2020-06-02 06:00:01"
2,0,"2020-06-02 06:00:01"
3,1,"2020-06-02 06:00:01"
4,0,"2020-06-02 06:00:01"
5,1,"2020-06-02 06:00:01"
6,0,"2020-06-02 06:00:01"
7,1,"2020-06-02 06:00:01"
8,0,"2020-06-02 06:00:01"
9,1,"2020-06-02 06:00:01"
11,1,"2020-06-02 06:00:01"
12,0,"2020-06-02 06:00:01"
13,1,"2020-06-02 06:00:01"
14,0,"2020-06-02 06:00:01"
15,1,"2020-06-02 06:00:01"
16,0,"2020-06-02 06:00:01"
1,0,"2020-06-02 06:20:01"
10,1,"2020-06-02 06:20:01"
17,1,"2020-06-02 06:20:01"
2,0,"2020-06-02 06:20:01"
3,1,"2020-06-02 06:20:01"
4,0,"2020-06-02 06:20:01"
5,1,"2020-06-02 06:20:01"
6,0,"2020-06-02 06:20:01"
7,1,"2020-06-02 06:20:01"
8,0,"2020-06-02 06:20:01"
9,1,"2020-06-02 06:20:01"
11,1,"2020-06-02 06:20:01"
12,1,"2020-06-02 06:20:01"
13,1,"2020-06-02 06:20:01"
14,0,"2020-06-02 06:20:01"
15,0,"2020-06-02 06:20:01"
16,0,"2020-06-02 06:20:01"
1,1,"2020-06-02 06:40:01"
10,0,"2020-06-02 06:40:01"
17,1,"2020-06-02 06:40:01"
2,0,"2020-06-02 06:40:01"
3,1,"2020-06-02 06:40:01"
4,0,"2020-06-02 06:40:01"
5,1,"2020-06-02 06:40:01"
6,0,"2020-06-02 06:40:01"
7,1,"2020-06-02 06:40:01"
8,0,"2020-06-02 06:40:01"
9,1,"2020-06-02 06:40:01"
11,0,"2020-06-02 06:40:01"
12,0,"2020-06-02 06:40:01"
13,1,"2020-06-02 06:40:01"
14,1,"2020-06-02 06:40:01"
15,1,"2020-06-02 06:40:01"
16,0,"2020-06-02 06:40:01"
1,1,"2020-06-02 07:00:01"
10,1,"2020-06-02 07:00:01"
17,1,"2020-06-02 07:00:01"
2,0,"2020-06-02 07:00:01"
3,1,"2020-06-02 07:00:01"
4,1,"2020-06-02 07:00:01"
5,1,"2020-06-02 07:00:01"
6,1,"2020-06-02 07:00:01"
7,1,"2020-06-02 07:00:01"
8,0,"2020-06-02 07:00:01"
9,1,"2020-06-02 07:00:01"
11,0,"2020-06-02 07:00:01"
12,0,"2020-06-02 07:00:01"
13,1,"2020-06-02 07:00:01"
14,0,"2020-06-02 07:00:01"
15,0,"2020-06-02 07:00:01"
16,0,"2020-06-02 07:00:01"
1,1,"2020-06-02 07:20:01"
10,1,"2020-06-02 07:20:01"
17,1,"2020-06-02 07:20:01"
2,0,"2020-06-02 07:20:01"
3,1,"2020-06-02 07:20:01"
4,1,"2020-06-02 07:20:01"
5,1,"2020-06-02 07:20:01"
6,1,"2020-06-02 07:20:01"
7,1,"2020-06-02 07:20:01"
8,0,"2020-06-02 07:20:01"
9,1,"2020-06-02 07:20:01"
11,1,"2020-06-02 07:20:01"
12,1,"2020-06-02 07:20:01"
13,1,"2020-06-02 07:20:01"
14,0,"2020-06-02 07:20:01"
15,1,"2020-06-02 07:20:01"
16,0,"2020-06-02 07:20:01"
1,1,"2020-06-02 07:40:01"
10,1,"2020-06-02 07:40:01"
17,1,"2020-06-02 07:40:01"
2,0,"2020-06-02 07:40:01"
3,1,"2020-06-02 07:40:01"
4,0,"2020-06-02 07:40:01"
5,1,"2020-06-02 07:40:01"
6,0,"2020-06-02 07:40:01"
7,1,"2020-06-02 07:40:01"
8,0,"2020-06-02 07:40:01"
9,1,"2020-06-02 07:40:01"
11,1,"2020-06-02 07:40:01"
12,0,"2020-06-02 07:40:01"
13,1,"2020-06-02 07:40:01"
14,0,"2020-06-02 07:40:01"
15,1,"2020-06-02 07:40:01"
16,1,"2020-06-02 07:40:01"
1,1,"2020-06-02 08:00:01"
2,0,"2020-06-02 08:00:01"
3,0,"2020-06-02 08:00:01"
4,0,"2020-06-02 08:00:01"
5,1,"2020-06-02 08:00:01"
6,0,"2020-06-02 08:00:01"
7,1,"2020-06-02 08:00:01"
8,0,"2020-06-02 08:00:01"
9,1,"2020-06-02 08:00:01"
10,1,"2020-06-02 08:00:01"
11,1,"2020-06-02 08:00:01"
12,1,"2020-06-02 08:00:01"
13,1,"2020-06-02 08:00:01"
14,1,"2020-06-02 08:00:01"
15,0,"2020-06-02 08:00:01"
16,0,"2020-06-02 08:00:01"
17,1,"2020-06-02 08:00:01"
1,1,"2020-06-02 08:20:01"
2,0,"2020-06-02 08:20:01"
3,0,"2020-06-02 08:20:01"
4,0,"2020-06-02 08:20:01"
5,1,"2020-06-02 08:20:01"
6,0,"2020-06-02 08:20:01"
7,1,"2020-06-02 08:20:01"
8,0,"2020-06-02 08:20:01"
9,1,"2020-06-02 08:20:01"
10,1,"2020-06-02 08:20:01"
11,0,"2020-06-02 08:20:01"
12,1,"2020-06-02 08:20:01"
13,1,"2020-06-02 08:20:01"
14,0,"2020-06-02 08:20:01"
15,1,"2020-06-02 08:20:01"
16,0,"2020-06-02 08:20:01"
17,1,"2020-06-02 08:20:01"
1,1,"2020-06-02 08:40:01"
2,0,"2020-06-02 08:40:01"
3,1,"2020-06-02 08:40:01"
4,0,"2020-06-02 08:40:01"
5,1,"2020-06-02 08:40:01"
6,0,"2020-06-02 08:40:01"
7,1,"2020-06-02 08:40:01"
8,0,"2020-06-02 08:40:01"
9,1,"2020-06-02 08:40:01"
10,1,"2020-06-02 08:40:01"
11,1,"2020-06-02 08:40:01"
12,0,"2020-06-02 08:40:01"
13,1,"2020-06-02 08:40:01"
14,0,"2020-06-02 08:40:01"
15,0,"2020-06-02 08:40:01"
16,0,"2020-06-02 08:40:01"
17,1,"2020-06-02 08:40:01"
1,1,"2020-06-02 09:00:01"
2,0,"2020-06-02 09:00:01"
3,1,"2020-06-02 09:00:01"
4,0,"2020-06-02 09:00:01"
5,0,"2020-06-02 09:00:01"
6,0,"2020-06-02 09:00:01"
7,1,"2020-06-02 09:00:01"
8,1,"2020-06-02 09:00:01"
9,1,"2020-06-02 09:00:01"
10,1,"2020-06-02 09:00:01"
11,0,"2020-06-02 09:00:01"
12,1,"2020-06-02 09:00:01"
13,1,"2020-06-02 09:00:01"
14,0,"2020-06-02 09:00:01"
15,1,"2020-06-02 09:00:01"
16,0,"2020-06-02 09:00:01"
17,1,"2020-06-02 09:00:01"
1,0,"2020-06-02 09:20:01"
2,0,"2020-06-02 09:20:01"
3,1,"2020-06-02 09:20:01"
4,0,"2020-06-02 09:20:01"
5,1,"2020-06-02 09:20:01"
6,1,"2020-06-02 09:20:01"
7,1,"2020-06-02 09:20:01"
8,1,"2020-06-02 09:20:01"
9,1,"2020-06-02 09:20:01"
10,0,"2020-06-02 09:20:01"
11,1,"2020-06-02 09:20:01"
12,0,"2020-06-02 09:20:01"
13,0,"2020-06-02 09:20:01"
14,0,"2020-06-02 09:20:01"
15,1,"2020-06-02 09:20:01"
16,0,"2020-06-02 09:20:01"
17,1,"2020-06-02 09:20:01"
1,0,"2020-06-02 09:40:01"
2,0,"2020-06-02 09:40:01"
3,1,"2020-06-02 09:40:01"
4,0,"2020-06-02 09:40:01"
5,1,"2020-06-02 09:40:01"
6,0,"2020-06-02 09:40:01"
7,1,"2020-06-02 09:40:01"
8,0,"2020-06-02 09:40:01"
9,1,"2020-06-02 09:40:01"
10,1,"2020-06-02 09:40:01"
11,0,"2020-06-02 09:40:01"
12,1,"2020-06-02 09:40:01"
13,1,"2020-06-02 09:40:01"
14,0,"2020-06-02 09:40:01"
15,0,"2020-06-02 09:40:01"
16,1,"2020-06-02 09:40:01"
17,1,"2020-06-02 09:40:01"
1,1,"2020-06-02 10:00:01"
2,1,"2020-06-02 10:00:01"
3,1,"2020-06-02 10:00:01"
4,1,"2020-06-02 10:00:01"
5,1,"2020-06-02 10:00:01"
6,0,"2020-06-02 10:00:01"
7,1,"2020-06-02 10:00:01"
8,0,"2020-06-02 10:00:01"
9,1,"2020-06-02 10:00:01"
10,1,"2020-06-02 10:00:01"
11,1,"2020-06-02 10:00:01"
12,0,"2020-06-02 10:00:01"
13,1,"2020-06-02 10:00:01"
14,0,"2020-06-02 10:00:01"
15,1,"2020-06-02 10:00:01"
16,0,"2020-06-02 10:00:01"
17,1,"2020-06-02 10:00:01"
1,1,"2020-06-02 10:20:01"
2,0,"2020-06-02 10:20:01"
3,0,"2020-06-02 10:20:01"
4,1,"2020-06-02 10:20:01"
5,0,"2020-06-02 10:20:01"
6,0,"2020-06-02 10:20:01"
7,1,"2020-06-02 10:20:01"
8,0,"2020-06-02 10:20:01"
9,1,"2020-06-02 10:20:01"
10,0,"2020-06-02 10:20:01"
11,1,"2020-06-02 10:20:01"
12,1,"2020-06-02 10:20:01"
13,0,"2020-06-02 10:20:01"
14,0,"2020-06-02 10:20:01"
15,1,"2020-06-02 10:20:01"
16,0,"2020-06-02 10:20:01"
17,0,"2020-06-02 10:20:01"
1,1,"2020-06-02 10:40:01"
2,0,"2020-06-02 10:40:01"
3,1,"2020-06-02 10:40:01"
4,1,"2020-06-02 10:40:01"
5,1,"2020-06-02 10:40:01"
6,0,"2020-06-02 10:40:01"
7,1,"2020-06-02 10:40:01"
8,0,"2020-06-02 10:40:01"
9,0,"2020-06-02 10:40:01"
10,1,"2020-06-02 10:40:01"
11,1,"2020-06-02 10:40:01"
12,0,"2020-06-02 10:40:01"
13,1,"2020-06-02 10:40:01"
14,0,"2020-06-02 10:40:01"
15,1,"2020-06-02 10:40:01"
16,0,"2020-06-02 10:40:01"
17,1,"2020-06-02 10:40:01"
1,1,"2020-06-02 11:00:01"
2,0,"2020-06-02 11:00:01"
3,1,"2020-06-02 11:00:01"
4,0,"2020-06-02 11:00:01"
5,1,"2020-06-02 11:00:01"
6,0,"2020-06-02 11:00:01"
7,1,"2020-06-02 11:00:01"
8,0,"2020-06-02 11:00:01"
9,0,"2020-06-02 11:00:01"
10,1,"2020-06-02 11:00:01"
11,1,"2020-06-02 11:00:01"
12,1,"2020-06-02 11:00:01"
13,1,"2020-06-02 11:00:01"
14,0,"2020-06-02 11:00:01"
15,1,"2020-06-02 11:00:01"
16,1,"2020-06-02 11:00:01"
17,1,"2020-06-02 11:00:01"
1,1,"2020-06-02 11:20:01"
2,0,"2020-06-02 11:20:01"
3,1,"2020-06-02 11:20:01"
4,0,"2020-06-02 11:20:01"
5,1,"2020-06-02 11:20:01"
6,1,"2020-06-02 11:20:01"
7,1,"2020-06-02 11:20:01"
8,0,"2020-06-02 11:20:01"
9,0,"2020-06-02 11:20:01"
10,1,"2020-06-02 11:20:01"
11,1,"2020-06-02 11:20:01"
12,0,"2020-06-02 11:20:01"
13,1,"2020-06-02 11:20:01"
14,0,"2020-06-02 11:20:01"
15,1,"2020-06-02 11:20:01"
16,0,"2020-06-02 11:20:01"
17,1,"2020-06-02 11:20:01"
1,1,"2020-06-02 11:40:01"
2,1,"2020-06-02 11:40:01"
3,1,"2020-06-02 11:40:01"
4,0,"2020-06-02 11:40:01"
5,1,"2020-06-02 11:40:01"
6,0,"2020-06-02 11:40:01"
7,1,"2020-06-02 11:40:01"
8,0,"2020-06-02 11:40:01"
9,1,"2020-06-02 11:40:01"
10,1,"2020-06-02 11:40:01"
11,1,"2020-06-02 11:40:01"
12,0,"2020-06-02 11:40:01"
13,0,"2020-06-02 11:40:01"
14,0,"2020-06-02 11:40:01"
15,0,"2020-06-02 11:40:01"
16,0,"2020-06-02 11:40:01"
17,1,"2020-06-02 11:40:01"
1,0,"2020-06-02 12:00:01"
2,0,"2020-06-02 12:00:01"
3,1,"2020-06-02 12:00:01"
4,0,"2020-06-02 12:00:01"
5,1,"2020-06-02 12:00:01"
6,0,"2020-06-02 12:00:01"
7,1,"2020-06-02 12:00:01"
8,1,"2020-06-02 12:00:01"
9,0,"2020-06-02 12:00:01"
10,1,"2020-06-02 12:00:01"
11,1,"2020-06-02 12:00:01"
12,0,"2020-06-02 12:00:01"
13,1,"2020-06-02 12:00:01"
14,1,"2020-06-02 12:00:01"
15,1,"2020-06-02 12:00:01"
16,0,"2020-06-02 12:00:01"
17,1,"2020-06-02 12:00:01"
1,0,"2020-06-02 12:20:01"
2,0,"2020-06-02 12:20:01"
3,1,"2020-06-02 12:20:01"
4,0,"2020-06-02 12:20:01"
5,0,"2020-06-02 12:20:01"
6,0,"2020-06-02 12:20:01"
7,1,"2020-06-02 12:20:01"
8,0,"2020-06-02 12:20:01"
9,1,"2020-06-02 12:20:01"
10,1,"2020-06-02 12:20:01"
11,1,"2020-06-02 12:20:01"
12,0,"2020-06-02 12:20:01"
13,1,"2020-06-02 12:20:01"
14,0,"2020-06-02 12:20:01"
15,1,"2020-06-02 12:20:01"
16,0,"2020-06-02 12:20:01"
17,1,"2020-06-02 12:20:01"
1,1,"2020-06-02 12:40:01"
2,0,"2020-06-02 12:40:01"
3,1,"2020-06-02 12:40:01"
4,0,"2020-06-02 12:40:01"
5,1,"2020-06-02 12:40:01"
6,0,"2020-06-02 12:40:01"
7,1,"2020-06-02 12:40:01"
8,1,"2020-06-02 12:40:01"
9,0,"2020-06-02 12:40:01"
10,1,"2020-06-02 12:40:01"
11,1,"2020-06-02 12:40:01"
12,0,"2020-06-02 12:40:01"
13,1,"2020-06-02 12:40:01"
14,0,"2020-06-02 12:40:01"
15,1,"2020-06-02 12:40:01"
16,0,"2020-06-02 12:40:01"
17,1,"2020-06-02 12:40:01"
1,0,"2020-06-02 13:00:01"
2,1,"2020-06-02 13:00:01"
3,1,"2020-06-02 13:00:01"
4,1,"2020-06-02 13:00:01"
5,0,"2020-06-02 13:00:01"
6,1,"2020-06-02 13:00:01"
7,0,"2020-06-02 13:00:01"
8,1,"2020-06-02 13:00:01"
9,0,"2020-06-02 13:00:01"
10,0,"2020-06-02 13:00:01"
11,0,"2020-06-02 13:00:01"
12,1,"2020-06-02 13:00:01"
13,0,"2020-06-02 13:00:01"
14,1,"2020-06-02 13:00:01"
15,0,"2020-06-02 13:00:01"
16,1,"2020-06-02 13:00:01"
17,0,"2020-06-02 13:00:01"
1,1,"2020-06-02 13:20:01"
2,0,"2020-06-02 13:20:01"
3,0,"2020-06-02 13:20:01"
4,0,"2020-06-02 13:20:01"
5,1,"2020-06-02 13:20:01"
6,1,"2020-06-02 13:20:01"
7,0,"2020-06-02 13:20:01"
8,1,"2020-06-02 13:20:01"
9,0,"2020-06-02 13:20:01"
10,1,"2020-06-02 13:20:01"
11,0,"2020-06-02 13:20:01"
12,1,"2020-06-02 13:20:01"
13,0,"2020-06-02 13:20:01"
14,0,"2020-06-02 13:20:01"
15,0,"2020-06-02 13:20:01"
16,0,"2020-06-02 13:20:01"
17,1,"2020-06-02 13:20:01"
1,1,"2020-06-02 13:40:01"
2,1,"2020-06-02 13:40:01"
3,0,"2020-06-02 13:40:01"
4,1,"2020-06-02 13:40:01"
5,0,"2020-06-02 13:40:01"
6,1,"2020-06-02 13:40:01"
7,0,"2020-06-02 13:40:01"
8,1,"2020-06-02 13:40:01"
9,0,"2020-06-02 13:40:01"
10,1,"2020-06-02 13:40:01"
11,1,"2020-06-02 13:40:01"
12,1,"2020-06-02 13:40:01"
13,0,"2020-06-02 13:40:01"
14,1,"2020-06-02 13:40:01"
15,0,"2020-06-02 13:40:01"
16,1,"2020-06-02 13:40:01"
17,1,"2020-06-02 13:40:01"
1,1,"2020-06-02 14:00:01"
2,1,"2020-06-02 14:00:01"
3,0,"2020-06-02 14:00:01"
4,1,"2020-06-02 14:00:01"
5,0,"2020-06-02 14:00:01"
6,1,"2020-06-02 14:00:01"
7,0,"2020-06-02 14:00:01"
8,0,"2020-06-02 14:00:01"
9,0,"2020-06-02 14:00:01"
10,1,"2020-06-02 14:00:01"
11,0,"2020-06-02 14:00:01"
12,1,"2020-06-02 14:00:01"
13,0,"2020-06-02 14:00:01"
14,1,"2020-06-02 14:00:01"
15,0,"2020-06-02 14:00:01"
16,0,"2020-06-02 14:00:01"
17,1,"2020-06-02 14:00:01"
1,1,"2020-06-02 14:20:01"
2,1,"2020-06-02 14:20:01"
3,0,"2020-06-02 14:20:01"
4,1,"2020-06-02 14:20:01"
5,1,"2020-06-02 14:20:01"
6,1,"2020-06-02 14:20:01"
7,0,"2020-06-02 14:20:01"
8,0,"2020-06-02 14:20:01"
9,1,"2020-06-02 14:20:01"
10,1,"2020-06-02 14:20:01"
11,0,"2020-06-02 14:20:01"
12,1,"2020-06-02 14:20:01"
13,0,"2020-06-02 14:20:01"
14,0,"2020-06-02 14:20:01"
15,1,"2020-06-02 14:20:01"
16,0,"2020-06-02 14:20:01"
17,1,"2020-06-02 14:20:01"
1,1,"2020-06-02 14:40:01"
2,1,"2020-06-02 14:40:01"
3,0,"2020-06-02 14:40:01"
4,1,"2020-06-02 14:40:01"
5,1,"2020-06-02 14:40:01"
6,1,"2020-06-02 14:40:01"
7,0,"2020-06-02 14:40:01"
8,0,"2020-06-02 14:40:01"
9,0,"2020-06-02 14:40:01"
10,1,"2020-06-02 14:40:01"
11,0,"2020-06-02 14:40:01"
12,1,"2020-06-02 14:40:01"
13,1,"2020-06-02 14:40:01"
14,0,"2020-06-02 14:40:01"
15,0,"2020-06-02 14:40:01"
16,1,"2020-06-02 14:40:01"
17,0,"2020-06-02 14:40:01"
1,0,"2020-06-02 15:00:01"
2,1,"2020-06-02 15:00:01"
3,0,"2020-06-02 15:00:01"
4,1,"2020-06-02 15:00:01"
5,0,"2020-06-02 15:00:01"
6,1,"2020-06-02 15:00:01"
7,0,"2020-06-02 15:00:01"
8,1,"2020-06-02 15:00:01"
9,0,"2020-06-02 15:00:01"
10,1,"2020-06-02 15:00:01"
11,0,"2020-06-02 15:00:01"
12,1,"2020-06-02 15:00:01"
13,0,"2020-06-02 15:00:01"
14,1,"2020-06-02 15:00:01"
15,0,"2020-06-02 15:00:01"
16,0,"2020-06-02 15:00:01"
17,0,"2020-06-02 15:00:01"
1,1,"2020-06-02 15:20:01"
2,0,"2020-06-02 15:20:01"
3,0,"2020-06-02 15:20:01"
4,1,"2020-06-02 15:20:01"
5,0,"2020-06-02 15:20:01"
6,1,"2020-06-02 15:20:01"
7,0,"2020-06-02 15:20:01"
8,0,"2020-06-02 15:20:01"
9,0,"2020-06-02 15:20:01"
10,1,"2020-06-02 15:20:01"
11,0,"2020-06-02 15:20:01"
12,1,"2020-06-02 15:20:01"
13,0,"2020-06-02 15:20:01"
14,1,"2020-06-02 15:20:01"
15,0,"2020-06-02 15:20:01"
16,1,"2020-06-02 15:20:01"
17,1,"2020-06-02 15:20:01"
1,1,"2020-06-02 15:40:01"
2,1,"2020-06-02 15:40:01"
3,0,"2020-06-02 15:40:01"
4,1,"2020-06-02 15:40:01"
5,0,"2020-06-02 15:40:01"
6,1,"2020-06-02 15:40:01"
7,0,"2020-06-02 15:40:01"
8,1,"2020-06-02 15:40:01"
9,0,"2020-06-02 15:40:01"
10,1,"2020-06-02 15:40:01"
11,1,"2020-06-02 15:40:01"
12,0,"2020-06-02 15:40:01"
13,1,"2020-06-02 15:40:01"
14,1,"2020-06-02 15:40:01"
15,1,"2020-06-02 15:40:01"
16,1,"2020-06-02 15:40:01"
17,1,"2020-06-02 15:40:01"
1,1,"2020-06-02 16:00:01"
2,0,"2020-06-02 16:00:01"
3,1,"2020-06-02 16:00:01"
4,0,"2020-06-02 16:00:01"
5,0,"2020-06-02 16:00:01"
6,0,"2020-06-02 16:00:01"
7,0,"2020-06-02 16:00:01"
8,0,"2020-06-02 16:00:01"
9,0,"2020-06-02 16:00:01"
10,0,"2020-06-02 16:00:01"
11,0,"2020-06-02 16:00:01"
12,0,"2020-06-02 16:00:01"
13,0,"2020-06-02 16:00:01"
14,1,"2020-06-02 16:00:01"
15,0,"2020-06-02 16:00:01"
16,0,"2020-06-02 16:00:01"
17,1,"2020-06-02 16:00:01"
1,1,"2020-06-02 16:20:01"
2,1,"2020-06-02 16:20:01"
3,0,"2020-06-02 16:20:01"
4,1,"2020-06-02 16:20:01"
5,0,"2020-06-02 16:20:01"
6,0,"2020-06-02 16:20:01"
7,0,"2020-06-02 16:20:01"
8,1,"2020-06-02 16:20:01"
9,0,"2020-06-02 16:20:01"
10,1,"2020-06-02 16:20:01"
11,1,"2020-06-02 16:20:01"
12,1,"2020-06-02 16:20:01"
13,0,"2020-06-02 16:20:01"
14,1,"2020-06-02 16:20:01"
15,0,"2020-06-02 16:20:01"
16,1,"2020-06-02 16:20:01"
17,1,"2020-06-02 16:20:01"
1,1,"2020-06-02 16:40:01"
2,0,"2020-06-02 16:40:01"
3,0,"2020-06-02 16:40:01"
4,1,"2020-06-02 16:40:01"
5,0,"2020-06-02 16:40:01"
6,1,"2020-06-02 16:40:01"
7,0,"2020-06-02 16:40:01"
8,1,"2020-06-02 16:40:01"
9,0,"2020-06-02 16:40:01"
10,1,"2020-06-02 16:40:01"
11,0,"2020-06-02 16:40:01"
12,1,"2020-06-02 16:40:01"
13,0,"2020-06-02 16:40:01"
14,0,"2020-06-02 16:40:01"
15,0,"2020-06-02 16:40:01"
16,0,"2020-06-02 16:40:01"
17,1,"2020-06-02 16:40:01"
1,1,"2020-06-02 17:00:01"
2,1,"2020-06-02 17:00:01"
3,1,"2020-06-02 17:00:01"
4,1,"2020-06-02 17:00:01"
5,0,"2020-06-02 17:00:01"
6,0,"2020-06-02 17:00:01"
7,0,"2020-06-02 17:00:01"
8,1,"2020-06-02 17:00:01"
9,0,"2020-06-02 17:00:01"
10,1,"2020-06-02 17:00:01"
11,0,"2020-06-02 17:00:01"
12,1,"2020-06-02 17:00:01"
13,0,"2020-06-02 17:00:01"
14,1,"2020-06-02 17:00:01"
15,0,"2020-06-02 17:00:01"
16,1,"2020-06-02 17:00:01"
17,1,"2020-06-02 17:00:01"
1,0,"2020-06-02 17:20:01"
2,1,"2020-06-02 17:20:01"
3,0,"2020-06-02 17:20:01"
4,1,"2020-06-02 17:20:01"
5,0,"2020-06-02 17:20:01"
6,1,"2020-06-02 17:20:01"
7,0,"2020-06-02 17:20:01"
8,0,"2020-06-02 17:20:01"
9,0,"2020-06-02 17:20:01"
10,1,"2020-06-02 17:20:01"
11,0,"2020-06-02 17:20:01"
12,1,"2020-06-02 17:20:01"
13,0,"2020-06-02 17:20:01"
14,0,"2020-06-02 17:20:01"
15,1,"2020-06-02 17:20:01"
16,1,"2020-06-02 17:20:01"
17,0,"2020-06-02 17:20:01"
1,0,"2020-06-02 17:40:01"
2,1,"2020-06-02 17:40:01"
3,0,"2020-06-02 17:40:01"
4,1,"2020-06-02 17:40:01"
5,0,"2020-06-02 17:40:01"
6,1,"2020-06-02 17:40:01"
7,0,"2020-06-02 17:40:01"
8,1,"2020-06-02 17:40:01"
9,0,"2020-06-02 17:40:01"
10,0,"2020-06-02 17:40:01"
11,0,"2020-06-02 17:40:01"
12,1,"2020-06-02 17:40:01"
13,0,"2020-06-02 17:40:01"
14,1,"2020-06-02 17:40:01"
15,0,"2020-06-02 17:40:01"
16,1,"2020-06-02 17:40:01"
17,1,"2020-06-02 17:40:01"
1,1,"2020-06-02 18:00:01"
2,0,"2020-06-02 18:00:01"
3,0,"2020-06-02 18:00:01"
4,0,"2020-06-02 18:00:01"
5,0,"2020-06-02 18:00:01"
6,1,"2020-06-02 18:00:01"
7,0,"2020-06-02 18:00:01"
8,1,"2020-06-02 18:00:01"
9,0,"2020-06-02 18:00:01"
10,1,"2020-06-02 18:00:01"
11,0,"2020-06-02 18:00:01"
12,1,"2020-06-02 18:00:01"
13,0,"2020-06-02 18:00:01"
14,1,"2020-06-02 18:00:01"
15,0,"2020-06-02 18:00:01"
16,1,"2020-06-02 18:00:01"
17,1,"2020-06-02 18:00:01"
1,1,"2020-06-02 18:20:01"
2,1,"2020-06-02 18:20:01"
3,0,"2020-06-02 18:20:01"
4,1,"2020-06-02 18:20:01"
5,1,"2020-06-02 18:20:01"
6,1,"2020-06-02 18:20:01"
7,0,"2020-06-02 18:20:01"
8,1,"2020-06-02 18:20:01"
9,0,"2020-06-02 18:20:01"
10,1,"2020-06-02 18:20:01"
11,0,"2020-06-02 18:20:01"
12,0,"2020-06-02 18:20:01"
13,0,"2020-06-02 18:20:01"
14,0,"2020-06-02 18:20:01"
15,0,"2020-06-02 18:20:01"
16,1,"2020-06-02 18:20:01"
17,0,"2020-06-02 18:20:01"
1,1,"2020-06-02 18:40:01"
2,1,"2020-06-02 18:40:01"
3,1,"2020-06-02 18:40:01"
4,1,"2020-06-02 18:40:01"
5,0,"2020-06-02 18:40:01"
6,1,"2020-06-02 18:40:01"
7,0,"2020-06-02 18:40:01"
8,1,"2020-06-02 18:40:01"
9,0,"2020-06-02 18:40:01"
10,0,"2020-06-02 18:40:01"
11,0,"2020-06-02 18:40:01"
12,1,"2020-06-02 18:40:01"
13,0,"2020-06-02 18:40:01"
14,0,"2020-06-02 18:40:01"
15,0,"2020-06-02 18:40:01"
16,1,"2020-06-02 18:40:01"
17,1,"2020-06-02 18:40:01"
1,1,"2020-06-02 19:00:01"
2,1,"2020-06-02 19:00:01"
3,0,"2020-06-02 19:00:01"
4,1,"2020-06-02 19:00:01"
5,0,"2020-06-02 19:00:01"
6,1,"2020-06-02 19:00:01"
7,0,"2020-06-02 19:00:01"
8,1,"2020-06-02 19:00:01"
9,0,"2020-06-02 19:00:01"
10,1,"2020-06-02 19:00:01"
11,1,"2020-06-02 19:00:01"
12,0,"2020-06-02 19:00:01"
13,0,"2020-06-02 19:00:01"
14,1,"2020-06-02 19:00:01"
15,0,"2020-06-02 19:00:01"
16,0,"2020-06-02 19:00:01"
17,1,"2020-06-02 19:00:01"
1,1,"2020-06-02 19:20:01"
2,1,"2020-06-02 19:20:01"
3,1,"2020-06-02 19:20:01"
4,1,"2020-06-02 19:20:01"
5,1,"2020-06-02 19:20:01"
6,1,"2020-06-02 19:20:01"
7,1,"2020-06-02 19:20:01"
8,0,"2020-06-02 19:20:01"
9,0,"2020-06-02 19:20:01"
10,1,"2020-06-02 19:20:01"
11,0,"2020-06-02 19:20:01"
12,1,"2020-06-02 19:20:01"
13,0,"2020-06-02 19:20:01"
14,1,"2020-06-02 19:20:01"
15,0,"2020-06-02 19:20:01"
16,0,"2020-06-02 19:20:01"
17,1,"2020-06-02 19:20:01"
1,0,"2020-06-02 19:40:01"
2,1,"2020-06-02 19:40:01"
3,1,"2020-06-02 19:40:01"
4,1,"2020-06-02 19:40:01"
5,0,"2020-06-02 19:40:01"
6,1,"2020-06-02 19:40:01"
7,0,"2020-06-02 19:40:01"
8,1,"2020-06-02 19:40:01"
9,0,"2020-06-02 19:40:01"
10,0,"2020-06-02 19:40:01"
11,0,"2020-06-02 19:40:01"
12,1,"2020-06-02 19:40:01"
13,0,"2020-06-02 19:40:01"
14,1,"2020-06-02 19:40:01"
15,1,"2020-06-02 19:40:01"
16,1,"2020-06-02 19:40:01"
17,1,"2020-06-02 19:40:01"
1,0,"2020-06-02 20:00:01"
2,1,"2020-06-02 20:00:01"
3,0,"2020-06-02 20:00:01"
4,1,"2020-06-02 20:00:01"
5,1,"2020-06-02 20:00:01"
6,1,"2020-06-02 20:00:01"
7,0,"2020-06-02 20:00:01"
8,1,"2020-06-02 20:00:01"
9,0,"2020-06-02 20:00:01"
10,1,"2020-06-02 20:00:01"
11,0,"2020-06-02 20:00:01"
12,1,"2020-06-02 20:00:01"
13,0,"2020-06-02 20:00:01"
14,1,"2020-06-02 20:00:01"
15,0,"2020-06-02 20:00:01"
16,1,"2020-06-02 20:00:01"
17,1,"2020-06-02 20:00:01"
1,1,"2020-06-02 20:20:01"
2,1,"2020-06-02 20:20:01"
3,0,"2020-06-02 20:20:01"
4,1,"2020-06-02 20:20:01"
5,0,"2020-06-02 20:20:01"
6,0,"2020-06-02 20:20:01"
7,0,"2020-06-02 20:20:01"
8,1,"2020-06-02 20:20:01"
9,0,"2020-06-02 20:20:01"
10,1,"2020-06-02 20:20:01"
11,0,"2020-06-02 20:20:01"
12,1,"2020-06-02 20:20:01"
13,0,"2020-06-02 20:20:01"
14,1,"2020-06-02 20:20:01"
15,0,"2020-06-02 20:20:01"
16,0,"2020-06-02 20:20:01"
17,1,"2020-06-02 20:20:01"
1,1,"2020-06-02 20:40:01"
2,0,"2020-06-02 20:40:01"
3,1,"2020-06-02 20:40:01"
4,1,"2020-06-02 20:40:01"
5,0,"2020-06-02 20:40:01"
6,1,"2020-06-02 20:40:01"
7,0,"2020-06-02 20:40:01"
8,1,"2020-06-02 20:40:01"
9,0,"2020-06-02 20:40:01"
10,1,"2020-06-02 20:40:01"
11,1,"2020-06-02 20:40:01"
12,1,"2020-06-02 20:40:01"
13,1,"2020-06-02 20:40:01"
14,1,"2020-06-02 20:40:01"
15,1,"2020-06-02 20:40:01"
16,1,"2020-06-02 20:40:01"
17,1,"2020-06-02 20:40:01"
1,1,"2020-06-02 21:00:01"
2,1,"2020-06-02 21:00:01"
3,0,"2020-06-02 21:00:01"
4,1,"2020-06-02 21:00:01"
5,0,"2020-06-02 21:00:01"
6,1,"2020-06-02 21:00:01"
7,0,"2020-06-02 21:00:01"
8,1,"2020-06-02 21:00:01"
9,1,"2020-06-02 21:00:01"
10,0,"2020-06-02 21:00:01"
11,0,"2020-06-02 21:00:01"
12,1,"2020-06-02 21:00:01"
13,0,"2020-06-02 21:00:01"
14,1,"2020-06-02 21:00:01"
15,0,"2020-06-02 21:00:01"
16,1,"2020-06-02 21:00:01"
17,0,"2020-06-02 21:00:01"
1,0,"2020-06-02 21:20:01"
2,1,"2020-06-02 21:20:01"
3,1,"2020-06-02 21:20:01"
4,1,"2020-06-02 21:20:01"
5,0,"2020-06-02 21:20:01"
6,0,"2020-06-02 21:20:01"
7,0,"2020-06-02 21:20:01"
8,1,"2020-06-02 21:20:01"
9,0,"2020-06-02 21:20:01"
10,1,"2020-06-02 21:20:01"
11,0,"2020-06-02 21:20:01"
12,1,"2020-06-02 21:20:01"
13,1,"2020-06-02 21:20:01"
14,1,"2020-06-02 21:20:01"
15,0,"2020-06-02 21:20:01"
16,1,"2020-06-02 21:20:01"
17,1,"2020-06-02 21:20:01"
1,1,"2020-06-02 21:40:01"
2,1,"2020-06-02 21:40:01"
3,0,"2020-06-02 21:40:01"
4,1,"2020-06-02 21:40:01"
5,0,"2020-06-02 21:40:01"
6,1,"2020-06-02 21:40:01"
7,1,"2020-06-02 21:40:01"
8,1,"2020-06-02 21:40:01"
9,0,"2020-06-02 21:40:01"
10,1,"2020-06-02 21:40:01"
11,0,"2020-06-02 21:40:01"
12,1,"2020-06-02 21:40:01"
13,0,"2020-06-02 21:40:01"
14,0,"2020-06-02 21:40:01"
15,0,"2020-06-02 21:40:01"
16,1,"2020-06-02 21:40:01"
17,1,"2020-06-02 21:40:01"
1,0,"2020-06-02 22:00:01"
2,1,"2020-06-02 22:00:01"
3,0,"2020-06-02 22:00:01"
4,1,"2020-06-02 22:00:01"
5,1,"2020-06-02 22:00:01"
6,1,"2020-06-02 22:00:01"
7,0,"2020-06-02 22:00:01"
8,1,"2020-06-02 22:00:01"
9,0,"2020-06-02 22:00:01"
10,1,"2020-06-02 22:00:01"
11,0,"2020-06-02 22:00:01"
12,1,"2020-06-02 22:00:01"
13,0,"2020-06-02 22:00:01"
14,1,"2020-06-02 22:00:01"
15,0,"2020-06-02 22:00:01"
16,0,"2020-06-02 22:00:01"
17,1,"2020-06-02 22:00:01"
1,1,"2020-06-02 22:20:01"
2,1,"2020-06-02 22:20:01"
3,0,"2020-06-02 22:20:01"
4,1,"2020-06-02 22:20:01"
5,0,"2020-06-02 22:20:01"
6,1,"2020-06-02 22:20:01"
7,1,"2020-06-02 22:20:01"
8,1,"2020-06-02 22:20:01"
9,0,"2020-06-02 22:20:01"
10,1,"2020-06-02 22:20:01"
11,0,"2020-06-02 22:20:01"
12,1,"2020-06-02 22:20:01"
13,0,"2020-06-02 22:20:01"
14,0,"2020-06-02 22:20:01"
15,1,"2020-06-02 22:20:01"
16,1,"2020-06-02 22:20:01"
17,1,"2020-06-02 22:20:01"
1,1,"2020-06-02 22:40:01"
2,1,"2020-06-02 22:40:01"
3,0,"2020-06-02 22:40:01"
4,0,"2020-06-02 22:40:01"
5,0,"2020-06-02 22:40:01"
6,1,"2020-06-02 22:40:01"
7,0,"2020-06-02 22:40:01"
8,1,"2020-06-02 22:40:01"
9,0,"2020-06-02 22:40:01"
10,0,"2020-06-02 22:40:01"
11,1,"2020-06-02 22:40:01"
12,1,"2020-06-02 22:40:01"
13,0,"2020-06-02 22:40:01"
14,1,"2020-06-02 22:40:01"
15,1,"2020-06-02 22:40:01"
16,1,"2020-06-02 22:40:01"
17,1,"2020-06-02 22:40:01"
1,1,"2020-06-02 23:00:01"
2,1,"2020-06-02 23:00:01"
3,0,"2020-06-02 23:00:01"
4,1,"2020-06-02 23:00:01"
5,1,"2020-06-02 23:00:01"
6,1,"2020-06-02 23:00:01"
7,0,"2020-06-02 23:00:01"
8,1,"2020-06-02 23:00:01"
9,0,"2020-06-02 23:00:01"
10,0,"2020-06-02 23:00:01"
11,0,"2020-06-02 23:00:01"
12,1,"2020-06-02 23:00:01"
13,1,"2020-06-02 23:00:01"
14,1,"2020-06-02 23:00:01"
15,0,"2020-06-02 23:00:01"
16,1,"2020-06-02 23:00:01"
17,0,"2020-06-02 23:00:01"
1,1,"2020-06-02 23:20:01"
2,1,"2020-06-02 23:20:01"
3,1,"2020-06-02 23:20:01"
4,1,"2020-06-02 23:20:01"
5,0,"2020-06-02 23:20:01"
6,1,"2020-06-02 23:20:01"
7,0,"2020-06-02 23:20:01"
8,1,"2020-06-02 23:20:01"
9,0,"2020-06-02 23:20:01"
10,1,"2020-06-02 23:20:01"
11,1,"2020-06-02 23:20:01"
12,0,"2020-06-02 23:20:01"
13,1,"2020-06-02 23:20:01"
14,1,"2020-06-02 23:20:01"
15,1,"2020-06-02 23:20:01"
16,1,"2020-06-02 23:20:01"
17,1,"2020-06-02 23:20:01"
1,1,"2020-06-02 23:40:01"
2,0,"2020-06-02 23:40:01"
3,0,"2020-06-02 23:40:01"
4,1,"2020-06-02 23:40:01"
5,0,"2020-06-02 23:40:01"
6,1,"2020-06-02 23:40:01"
7,1,"2020-06-02 23:40:01"
8,1,"2020-06-02 23:40:01"
9,0,"2020-06-02 23:40:01"
10,1,"2020-06-02 23:40:01"
11,0,"2020-06-02 23:40:01"
12,0,"2020-06-02 23:40:01"
13,0,"2020-06-02 23:40:01"
14,1,"2020-06-02 23:40:01"
15,0,"2020-06-02 23:40:01"
16,1,"2020-06-02 23:40:01"
17,0,"2020-06-02 23:40:01"
9,1,"2020-06-01 09:06:34"
7,1,"2020-06-01 09:07:14"
1,0,"2020-06-01 09:07:44"
1,1,"2020-06-01 09:07:54"
4,1,"2020-06-01 09:07:54"
3,1,"2020-06-01 09:08:24"
7,0,"2020-06-01 09:08:54"
1,0,"2020-06-01 09:09:34"
5,0,"2020-06-01 09:09:54"
4,0,"2020-06-01 09:10:04"
1,1,"2020-06-01 09:10:14"
7,1,"2020-06-01 09:10:54"
3,1,"2020-06-01 09:11:04"
4,0,"2020-06-01 09:11:14"
1,1,"2020-06-01 09:11:34"
5,1,"2020-06-01 09:12:14"
7,1,"2020-06-01 09:12:14"
8,0,"2020-06-01 09:12:24"
1,0,"2020-06-01 09:12:34"
7,0,"2020-06-01 09:13:14"
10,1,"2020-06-01 09:14:14"
10,1,"2020-06-01 09:14:24"
12,0,"2020-06-01 09:14:24"
13,1,"2020-06-01 09:14:44"
11,1,"2020-06-01 09:15:24"
12,0,"2020-06-01 09:15:24"
10,1,"2020-06-01 09:15:34"
15,0,"2020-06-01 09:15:54"
14,0,"2020-06-01 09:16:04"
13,1,"2020-06-01 09:16:34"
11,1,"2020-06-01 09:16:44"
10,1,"2020-06-01 09:16:54"
9,1,"2020-06-01 09:17:14"
14,0,"2020-06-01 09:17:34"
7,0,"2020-06-01 09:18:44"
16,0,"2020-06-01 09:19:04"
1,1,"2020-06-01 09:19:24"
3,1,"2020-06-01 09:19:54"
1,1,"2020-06-01 09:20:14"
1,1,"2020-06-01 09:20:24"
4,0,"2020-06-01 09:20:34"
3,0,"2020-06-01 09:20:44"
5,0,"2020-06-01 09:20:44"
4,0,"2020-06-01 09:21:04"
1,1,"2020-06-01 09:21:14"
5,1,"2020-06-01 09:21:34"
1,1,"2020-06-01 09:21:54"
4,0,"2020-06-01 09:21:54"
7,1,"2020-06-01 09:21:54"
1,1,"2020-06-01 09:22:14"
8,0,"2020-06-01 09:22:44"
7,1,"2020-06-01 09:22:54"
8,0,"2020-06-01 09:23:04"
9,0,"2020-06-01 09:23:34"
7,0,"2020-06-01 09:26:34"
1,0,"2020-06-01 09:27:14"
4,1,"2020-06-01 09:27:34"
9,1,"2020-06-01 09:27:34"
2,1,"2020-06-01 09:27:44"
3,1,"2020-06-01 09:27:44"
7,0,"2020-06-01 09:28:14"
1,1,"2020-06-01 09:28:44"
1,1,"2020-06-01 09:28:54"
5,1,"2020-06-01 09:29:04"
4,0,"2020-06-01 09:29:14"
3,1,"2020-06-01 09:29:54"
1,0,"2020-06-01 09:30:24"
5,1,"2020-06-01 09:31:04"
7,1,"2020-06-01 09:31:04"
8,0,"2020-06-01 09:31:14"
1,1,"2020-06-01 09:31:24"
4,0,"2020-06-01 09:32:04"
7,1,"2020-06-01 09:32:04"
8,0,"2020-06-01 09:32:14"
1,0,"2020-06-01 09:32:24"
8,0,"2020-06-01 09:33:04"
7,0,"2020-06-01 09:33:14"
9,0,"2020-06-01 09:33:44"
9,1,"2020-06-01 09:33:54"
10,1,"2020-06-01 09:34:04"
10,1,"2020-06-01 09:34:14"
11,0,"2020-06-01 09:34:14"
12,0,"2020-06-01 09:34:14"
11,1,"2020-06-01 09:34:24"
8,0,"2020-06-01 09:34:34"
13,1,"2020-06-01 09:34:34"
7,0,"2020-06-01 09:34:44"
11,1,"2020-06-01 09:35:24"
12,0,"2020-06-01 09:35:24"
10,1,"2020-06-01 09:35:34"
13,1,"2020-06-01 09:36:24"
10,1,"2020-06-01 09:36:44"
14,0,"2020-06-01 09:37:24"
17,0,"2020-06-01 09:38:44"
16,0,"2020-06-01 09:39:04"
1,1,"2020-06-01 09:39:24"
4,0,"2020-06-01 09:39:34"
3,0,"2020-06-01 09:39:54"
1,1,"2020-06-01 09:40:14"
4,0,"2020-06-01 09:40:34"
3,0,"2020-06-01 09:40:44"
1,1,"2020-06-01 09:41:14"
5,1,"2020-06-01 09:41:24"
1,1,"2020-06-01 09:41:44"
1,1,"2020-06-01 09:41:54"
7,1,"2020-06-01 09:41:54"
4,1,"2020-06-01 09:41:54"
8,0,"2020-06-01 09:42:04"
1,1,"2020-06-01 09:42:04"
7,1,"2020-06-01 09:42:44"
7,1,"2020-06-01 09:42:54"
7,1,"2020-06-01 09:43:04"
7,1,"2020-06-01 09:43:14"
7,1,"2020-06-01 09:43:24"
1,0,"2020-06-01 09:44:04"
7,1,"2020-06-01 09:45:04"
1,0,"2020-06-01 09:47:34"
4,0,"2020-06-01 09:47:44"
3,1,"2020-06-01 09:48:04"
7,1,"2020-06-01 09:48:44"
1,1,"2020-06-01 09:49:24"
4,1,"2020-06-01 09:49:44"
7,1,"2020-06-01 09:50:24"
3,1,"2020-06-01 09:50:54"
1,1,"2020-06-01 09:51:04"
4,0,"2020-06-01 09:51:14"
1,0,"2020-06-01 09:51:24"
5,1,"2020-06-01 09:51:24"
4,0,"2020-06-01 09:52:04"
7,0,"2020-06-01 09:52:04"
8,1,"2020-06-01 09:52:14"
1,1,"2020-06-01 09:52:24"
5,1,"2020-06-01 09:53:04"
7,1,"2020-06-01 09:53:04"
1,1,"2020-06-01 09:53:24"
1,1,"2020-06-01 09:53:34"
7,1,"2020-06-01 09:54:14"
9,1,"2020-06-01 09:54:54"
10,1,"2020-06-01 09:55:14"
12,0,"2020-06-01 09:55:24"
11,1,"2020-06-01 09:55:24"
13,1,"2020-06-01 09:55:34"
7,0,"2020-06-01 09:55:44"
11,1,"2020-06-01 09:56:24"
12,0,"2020-06-01 09:56:24"
10,1,"2020-06-01 09:56:34"
15,0,"2020-06-01 09:56:54"
14,0,"2020-06-01 09:57:04"
10,1,"2020-06-01 09:57:44"
14,0,"2020-06-01 09:58:24"
9,1,"2020-06-01 09:59:04"
17,0,"2020-06-01 09:59:44"
7,0,"2020-06-01 09:59:44"
16,1,"2020-06-01 10:00:04"
1,1,"2020-06-01 10:00:24"
4,0,"2020-06-01 10:00:34"
3,1,"2020-06-01 10:00:54"
1,0,"2020-06-01 10:01:14"
1,0,"2020-06-01 10:01:24"
4,0,"2020-06-01 10:01:34"
3,1,"2020-06-01 10:01:44"
5,1,"2020-06-01 10:01:44"
1,1,"2020-06-01 10:02:14"
4,1,"2020-06-01 10:02:54"
7,1,"2020-06-01 10:02:54"
8,0,"2020-06-01 10:03:04"
1,1,"2020-06-01 10:03:14"
8,0,"2020-06-01 10:03:44"
7,1,"2020-06-01 10:03:55"
7,0,"2020-06-01 10:05:35"
